Index,X,Y,Z,Target_X,Target_Y,Target_Z
0,0,-0,0,0.5,0,0
1,-3.56848e-17,-8.06957e-16,-1.69146e-16,0.5,0,0
2,0.0249979,-4.85164e-06,3.61498e-06,0.5,0,0
3,0.0499924,-1.77861e-05,1.32559e-05,0.5,0,0
4,0.0749835,-3.87936e-05,2.89259e-05,0.5,0,0
5,0.099971,-6.78581e-05,5.06304e-05,0.5,0,0
6,0.124955,-0.000104957,7.8377e-05,0.5,0,0
7,0.149936,-0.000150062,0.000112175,0.5,0,0
8,0.174913,-0.000203135,0.000152038,0.5,0,0
9,0.199886,-0.000264128,0.000197979,0.5,0,0
10,0.224856,-0.000332984,0.000250015,0.5,0,0
11,0.249822,-0.000409633,0.000308164,0.5,0,0
12,0.263559,-0.000437868,0.000330216,0.5,0,0
13,0.277295,-0.00046835,0.000354154,0.5,0,0
14,0.29103,-0.000501049,0.000379986,0.5,0,0
15,0.304764,-0.000535926,0.00040772,0.5,0,0
16,0.318496,-0.000572942,0.000437363,0.5,0,0
17,0.332227,-0.000612049,0.000468924,0.5,0,0
18,0.345957,-0.000653197,0.000502411,0.5,0,0
19,0.359686,-0.000696327,0.000537834,0.5,0,0
20,0.373413,-0.000741378,0.000575201,0.5,0,0
21,0.387139,-0.000788279,0.000614523,0.5,0,0
22,0.393454,-0.000779155,0.000610567,0.5,0,0
23,0.399768,-0.000770274,0.00060706,0.5,0,0
24,0.406081,-0.000761617,0.000604003,0.5,0,0
25,0.412395,-0.00075316,0.000601398,0.5,0,0
26,0.418708,-0.000744879,0.000599248,0.5,0,0
27,0.425021,-0.000736752,0.000597554,0.5,0,0
28,0.431333,-0.000728752,0.000596318,0.5,0,0
29,0.437645,-0.000720854,0.000595541,0.5,0,0
30,0.443957,-0.000713032,0.000595224,0.5,0,0
31,0.450269,-0.000705258,0.00059537,0.5,0,0
32,0.453063,-0.000679435,0.000579073,0.5,0,0
33,0.455857,-0.000653514,0.000562888,0.5,0,0
34,0.45865,-0.000627487,0.000546814,0.5,0,0
35,0.461444,-0.000601351,0.000530852,0.5,0,0
36,0.464238,-0.000575101,0.000515,0.5,0,0
37,0.467031,-0.000548731,0.000499258,0.5,0,0
38,0.469825,-0.000522239,0.000483625,0.5,0,0
39,0.472618,-0.00049562,0.0004681,0.5,0,0
40,0.475412,-0.000468869,0.000452682,0.5,0,0
41,0.478205,-0.000441985,0.000437371,0.5,0,0
42,0.479431,-0.000418525,0.000421706,0.5,0,0
43,0.480656,-0.000394993,0.00040607,0.5,0,0
44,0.481882,-0.000371392,0.000390463,0.5,0,0
45,0.483107,-0.000347725,0.000374883,0.5,0,0
46,0.484333,-0.000323996,0.00035933,0.5,0,0
47,0.485559,-0.000300207,0.000343801,0.5,0,0
48,0.486784,-0.000276363,0.000328296,0.5,0,0
49,0.48801,-0.000252465,0.000312815,0.5,0,0
50,0.489236,-0.000228519,0.000297354,0.5,0,0
51,0.490461,-0.000204526,0.000281915,0.5,0,0
52,0.490998,-0.000188894,0.000270802,0.5,0,0
53,0.491535,-0.000173261,0.000259691,0.5,0,0
54,0.492072,-0.000157632,0.000248583,0.5,0,0
55,0.492609,-0.000142012,0.000237475,0.5,0,0
56,0.493146,-0.000126405,0.000226368,0.5,0,0
57,0.493682,-0.000110813,0.00021526,0.5,0,0
58,0.494219,-9.52417e-05,0.000204151,0.5,0,0
59,0.494756,-7.96938e-05,0.000193041,0.5,0,0
60,0.495294,-6.4173e-05,0.000181929,0.5,0,0
61,0.495831,-4.86825e-05,0.000170813,0.5,0,0
62,0.496066,-3.99693e-05,0.000163915,0.5,0,0
63,0.496301,-3.13048e-05,0.000157008,0.5,0,0
64,0.496536,-2.2692e-05,0.000150092,0.5,0,0
65,0.496772,-1.41334e-05,0.000143165,0.5,0,0
66,0.497007,-5.63165e-06,0.000136229,0.5,0,0
67,0.497243,2.81107e-06,0.000129283,0.5,0,0
68,0.497478,1.11925e-05,0.000122327,0.5,0,0
69,0.497713,1.95108e-05,0.00011536,0.5,0,0
70,0.497949,2.77639e-05,0.000108384,0.5,0,0
71,0.498184,3.59503e-05,0.000101397,0.5,0,0
72,0.498288,4.00652e-05,9.73895e-05,0.5,0,0
73,0.498391,4.41093e-05,9.33667e-05,0.5,0,0
74,0.498494,4.80813e-05,8.93292e-05,0.5,0,0
75,0.498597,5.19804e-05,8.52773e-05,0.5,0,0
76,0.498701,5.58057e-05,8.12111e-05,0.5,0,0
77,0.498804,5.95563e-05,7.71309e-05,0.5,0,0
78,0.498908,6.32318e-05,7.30372e-05,0.5,0,0
79,0.499011,6.68315e-05,6.89301e-05,0.5,0,0
80,0.499114,7.0355e-05,6.48102e-05,0.5,0,0
81,0.499218,7.38021e-05,6.06777e-05,0.5,0,0
82,0.499263,7.52805e-05,5.84086e-05,0.5,0,0
83,0.499309,7.66842e-05,5.61222e-05,0.5,0,0
84,0.499354,7.8013e-05,5.3819e-05,0.5,0,0
85,0.499399,7.92673e-05,5.14993e-05,0.5,0,0
86,0.499445,8.04472e-05,4.91638e-05,0.5,0,0
87,0.49949,8.15529e-05,4.68128e-05,0.5,0,0
88,0.499536,8.25848e-05,4.44469e-05,0.5,0,0
89,0.499581,8.35434e-05,4.20666e-05,0.5,0,0
90,0.499627,8.44291e-05,3.96725e-05,0.5,0,0
91,0.499672,8.52425e-05,3.7265e-05,0.5,0,0
92,0.499692,8.53747e-05,3.59699e-05,0.5,0,0
93,0.499712,8.54379e-05,3.46567e-05,0.5,0,0
94,0.499732,8.54329e-05,3.33261e-05,0.5,0,0
95,0.499752,8.53604e-05,3.19785e-05,0.5,0,0
96,0.499772,8.52212e-05,3.06145e-05,0.5,0,0
97,0.499792,8.50161e-05,2.92348e-05,0.5,0,0
98,0.499812,8.47458e-05,2.78398e-05,0.5,0,0
99,0.499832,8.44113e-05,2.643e-05,0.5,0,0
100,0.499853,8.40134e-05,2.50062e-05,0.284811,-0.000256922,0.000280196
101,0.499873,8.35531e-05,2.35688e-05,0.284811,-0.000256922,0.000280196
102,0.489157,0.000104695,-1.95744e-05,0.284811,-0.000256922,0.000280196
103,0.47844,0.000123939,-6.14397e-05,0.284811,-0.000256922,0.000280196
104,0.467722,0.000141368,-0.000102021,0.284811,-0.000256922,0.000280196
105,0.457003,0.000157062,-0.000141314,0.284811,-0.000256922,0.000280196
106,0.446283,0.000171097,-0.000179315,0.284811,-0.000256922,0.000280196
107,0.435563,0.000183546,-0.000216021,0.284811,-0.000256922,0.000280196
108,0.424841,0.00019448,-0.000251431,0.284811,-0.000256922,0.000280196
109,0.414119,0.000203965,-0.000285546,0.284811,-0.000256922,0.000280196
110,0.403396,0.000212065,-0.000318365,0.284811,-0.000256922,0.000280196
111,0.392671,0.000218841,-0.00034989,0.284811,-0.000256922,0.000280196
112,0.386757,0.000207387,-0.0003433,0.284811,-0.000256922,0.000280196
113,0.380843,0.000195517,-0.000336362,0.284811,-0.000256922,0.000280196
114,0.374928,0.000183245,-0.000329073,0.284811,-0.000256922,0.000280196
115,0.369013,0.000170587,-0.000321432,0.284811,-0.000256922,0.000280196
116,0.363098,0.000157556,-0.000313439,0.284811,-0.000256922,0.000280196
117,0.357183,0.000144165,-0.000305093,0.284811,-0.000256922,0.000280196
118,0.351267,0.000130428,-0.000296392,0.284811,-0.000256922,0.000280196
119,0.345351,0.000116358,-0.000287335,0.284811,-0.000256922,0.000280196
120,0.339435,0.000101967,-0.000277923,0.284811,-0.000256922,0.000280196
121,0.333518,8.72655e-05,-0.000268155,0.284811,-0.000256922,0.000280196
122,0.330793,7.22358e-05,-0.000248908,0.284811,-0.000256922,0.000280196
123,0.328067,5.71699e-05,-0.000229624,0.284811,-0.000256922,0.000280196
124,0.325342,4.20693e-05,-0.0002103,0.284811,-0.000256922,0.000280196
125,0.322616,2.69354e-05,-0.000190937,0.284811,-0.000256922,0.000280196
126,0.319891,1.17699e-05,-0.000171535,0.284811,-0.000256922,0.000280196
127,0.317165,-3.42607e-06,-0.000152091,0.284811,-0.000256922,0.000280196
128,0.314439,-1.8651e-05,-0.000132607,0.284811,-0.000256922,0.000280196
129,0.311713,-3.39037e-05,-0.000113081,0.284811,-0.000256922,0.000280196
130,0.308987,-4.91829e-05,-9.35129e-05,0.284811,-0.000256922,0.000280196
131,0.306261,-6.44874e-05,-7.39019e-05,0.284811,-0.000256922,0.000280196
132,0.305055,-7.45713e-05,-5.85859e-05,0.284811,-0.000256922,0.000280196
133,0.303848,-8.46317e-05,-4.32851e-05,0.284811,-0.000256922,0.000280196
134,0.302642,-9.46688e-05,-2.79992e-05,0.284811,-0.000256922,0.000280196
135,0.301435,-0.000104683,-1.27281e-05,0.284811,-0.000256922,0.000280196
136,0.300228,-0.000114673,2.52828e-06,0.284811,-0.000256922,0.000280196
137,0.299022,-0.00012464,1.77702e-05,0.284811,-0.000256922,0.000280196
138,0.297815,-0.000134585,3.29978e-05,0.284811,-0.000256922,0.000280196
139,0.296609,-0.000144506,4.82113e-05,0.284811,-0.000256922,0.000280196
140,0.295402,-0.000154404,6.34108e-05,0.284811,-0.000256922,0.000280196
141,0.294195,-0.00016428,7.85965e-05,0.284811,-0.000256922,0.000280196
142,0.293667,-0.000169828,8.8009e-05,0.284811,-0.000256922,0.000280196
143,0.293138,-0.000175351,9.74055e-05,0.284811,-0.000256922,0.000280196
144,0.292609,-0.000180849,0.000106786,0.284811,-0.000256922,0.000280196
145,0.292081,-0.000186321,0.000116151,0.284811,-0.000256922,0.000280196
146,0.291552,-0.000191769,0.000125499,0.284811,-0.000256922,0.000280196
147,0.291023,-0.000197191,0.000134832,0.284811,-0.000256922,0.000280196
148,0.290495,-0.00020259,0.000144148,0.284811,-0.000256922,0.000280196
149,0.289966,-0.000207963,0.000153449,0.284811,-0.000256922,0.000280196
150,0.289437,-0.000213312,0.000162733,0.284811,-0.000256922,0.000280196
151,0.288909,-0.000218637,0.000172002,0.284811,-0.000256922,0.000280196
152,0.288678,-0.000221392,0.000177182,0.284811,-0.000256922,0.000280196
153,0.288447,-0.000224126,0.000182353,0.284811,-0.000256922,0.000280196
154,0.288216,-0.00022684,0.000187513,0.284811,-0.000256922,0.000280196
155,0.287985,-0.000229534,0.000192663,0.284811,-0.000256922,0.000280196
156,0.287754,-0.000232208,0.000197802,0.284811,-0.000256922,0.000280196
157,0.287523,-0.000234862,0.000202931,0.284811,-0.000256922,0.000280196
158,0.287292,-0.000237497,0.00020805,0.284811,-0.000256922,0.000280196
159,0.287061,-0.000240113,0.000213158,0.284811,-0.000256922,0.000280196
160,0.28683,-0.000242709,0.000218256,0.284811,-0.000256922,0.000280196
161,0.286599,-0.000245286,0.000223343,0.284811,-0.000256922,0.000280196
162,0.286498,-0.000246541,0.000226028,0.284811,-0.000256922,0.000280196
163,0.286398,-0.000247779,0.000228707,0.284811,-0.000256922,0.000280196
164,0.286297,-0.000249003,0.00023138,0.284811,-0.000256922,0.000280196
165,0.286196,-0.00025021,0.000234048,0.284811,-0.000256922,0.000280196
166,0.286095,-0.000251402,0.000236709,0.284811,-0.000256922,0.000280196
167,0.285994,-0.000252579,0.000239365,0.284811,-0.000256922,0.000280196
168,0.285893,-0.00025374,0.000242014,0.284811,-0.000256922,0.000280196
169,0.285793,-0.000254886,0.000244658,0.284811,-0.000256922,0.000280196
170,0.285692,-0.000256018,0.000247295,0.284811,-0.000256922,0.000280196
171,0.285591,-0.000257134,0.000249926,0.284811,-0.000256922,0.000280196
172,0.285547,-0.000257639,0.000251265,0.284811,-0.000256922,0.000280196
173,0.285503,-0.000258131,0.000252601,0.284811,-0.000256922,0.000280196
174,0.285459,-0.000258611,0.000253933,0.284811,-0.000256922,0.000280196
175,0.285415,-0.000259077,0.000255262,0.284811,-0.000256922,0.000280196
176,0.285371,-0.000259532,0.000256588,0.284811,-0.000256922,0.000280196
177,0.285327,-0.000259973,0.000257911,0.284811,-0.000256922,0.000280196
178,0.285283,-0.000260402,0.00025923,0.284811,-0.000256922,0.000280196
179,0.285239,-0.000260819,0.000260546,0.284811,-0.000256922,0.000280196
180,0.285195,-0.000261224,0.000261858,0.284811,-0.000256922,0.000280196
181,0.285151,-0.000261616,0.000263167,0.284811,-0.000256922,0.000280196
182,0.285132,-0.000261764,0.000263816,0.284811,-0.000256922,0.000280196
183,0.285113,-0.000261902,0.000264462,0.284811,-0.000256922,0.000280196
184,0.285094,-0.000262029,0.000265107,0.284811,-0.000256922,0.000280196
185,0.285075,-0.000262145,0.00026575,0.284811,-0.000256922,0.000280196
186,0.285055,-0.00026225,0.000266392,0.284811,-0.000256922,0.000280196
187,0.285036,-0.000262344,0.000267031,0.284811,-0.000256922,0.000280196
188,0.285017,-0.000262428,0.000267668,0.284811,-0.000256922,0.000280196
189,0.284998,-0.000262501,0.000268303,0.284811,-0.000256922,0.000280196
190,0.284979,-0.000262563,0.000268936,0.284811,-0.000256922,0.000280196
191,0.28496,-0.000262615,0.000269567,0.284811,-0.000256922,0.000280196
192,0.284951,-0.000262602,0.000269873,0.284811,-0.000256922,0.000280196
193,0.284943,-0.000262579,0.000270178,0.284811,-0.000256922,0.000280196
194,0.284935,-0.000262546,0.000270481,0.284811,-0.000256922,0.000280196
195,0.284926,-0.000262503,0.000270783,0.284811,-0.000256922,0.000280196
196,0.284918,-0.000262451,0.000271084,0.284811,-0.000256922,0.000280196
197,0.28491,-0.00026239,0.000271384,0.284811,-0.000256922,0.000280196
198,0.284901,-0.000262319,0.000271682,0.284811,-0.000256922,0.000280196
199,0.284893,-0.000262238,0.000271979,0.284811,-0.000256922,0.000280196
200,0.284885,-0.000262149,0.000272274,0.127173,-0.000283446,0.00046038
201,0.284876,-0.00026205,0.000272568,0.127173,-0.000283446,0.00046038
202,0.277004,-0.000255568,0.000259632,0.127173,-0.000283446,0.00046038
203,0.269131,-0.000249433,0.000247375,0.127173,-0.000283446,0.00046038
204,0.261258,-0.000243629,0.000235793,0.127173,-0.000283446,0.00046038
205,0.253384,-0.000238141,0.000224883,0.127173,-0.000283446,0.00046038
206,0.24551,-0.000232954,0.000214639,0.127173,-0.000283446,0.00046038
207,0.237636,-0.000228054,0.000205058,0.127173,-0.000283446,0.00046038
208,0.229761,-0.000223429,0.000196135,0.127173,-0.000283446,0.00046038
209,0.221886,-0.000219065,0.000187866,0.127173,-0.000283446,0.00046038
210,0.214011,-0.00021495,0.000180248,0.127173,-0.000283446,0.00046038
211,0.206135,-0.000211072,0.000173276,0.127173,-0.000283446,0.00046038
212,0.201798,-0.000212182,0.000178532,0.127173,-0.000283446,0.00046038
213,0.197461,-0.000213347,0.000183971,0.127173,-0.000283446,0.00046038
214,0.193124,-0.000214566,0.000189593,0.127173,-0.000283446,0.00046038
215,0.188787,-0.000215835,0.000195398,0.127173,-0.000283446,0.00046038
216,0.184449,-0.000217154,0.000201385,0.127173,-0.000283446,0.00046038
217,0.180112,-0.000218519,0.000207554,0.127173,-0.000283446,0.00046038
218,0.175775,-0.000219929,0.000213905,0.127173,-0.000283446,0.00046038
219,0.171437,-0.000221381,0.000220437,0.127173,-0.000283446,0.00046038
220,0.167099,-0.000222874,0.000227151,0.127173,-0.000283446,0.00046038
221,0.162761,-0.000224406,0.000234045,0.127173,-0.000283446,0.00046038
222,0.160767,-0.000226897,0.00024244,0.127173,-0.000283446,0.00046038
223,0.158772,-0.000229381,0.000250864,0.127173,-0.000283446,0.00046038
224,0.156778,-0.000231859,0.000259316,0.127173,-0.000283446,0.00046038
225,0.154783,-0.000234332,0.000267798,0.127173,-0.000283446,0.00046038
226,0.152788,-0.000236798,0.00027631,0.127173,-0.000283446,0.00046038
227,0.150794,-0.000239259,0.000284851,0.127173,-0.000283446,0.00046038
228,0.148799,-0.000241713,0.000293422,0.127173,-0.000283446,0.00046038
229,0.146804,-0.000244161,0.000302023,0.127173,-0.000283446,0.00046038
230,0.144809,-0.000246603,0.000310653,0.127173,-0.000283446,0.00046038
231,0.142815,-0.000249038,0.000319315,0.127173,-0.000283446,0.00046038
232,0.141933,-0.00025087,0.000325365,0.127173,-0.000283446,0.00046038
233,0.141052,-0.000252693,0.000331415,0.127173,-0.000283446,0.00046038
234,0.140171,-0.000254505,0.000337467,0.127173,-0.000283446,0.00046038
235,0.13929,-0.000256308,0.000343519,0.127173,-0.000283446,0.00046038
236,0.138408,-0.000258102,0.000349572,0.127173,-0.000283446,0.00046038
237,0.137527,-0.000259886,0.000355626,0.127173,-0.000283446,0.00046038
238,0.136646,-0.000261661,0.000361682,0.127173,-0.000283446,0.00046038
239,0.135764,-0.000263427,0.000367738,0.127173,-0.000283446,0.00046038
240,0.134883,-0.000265184,0.000373795,0.127173,-0.000283446,0.00046038
241,0.134002,-0.000266931,0.000379854,0.127173,-0.000283446,0.00046038
242,0.133616,-0.000268003,0.000383397,0.127173,-0.000283446,0.00046038
243,0.133231,-0.000269069,0.000386938,0.127173,-0.000283446,0.00046038
244,0.132846,-0.000270127,0.000390476,0.127173,-0.000283446,0.00046038
245,0.13246,-0.000271179,0.000394012,0.127173,-0.000283446,0.00046038
246,0.132075,-0.000272224,0.000397545,0.127173,-0.000283446,0.00046038
247,0.131689,-0.000273263,0.000401075,0.127173,-0.000283446,0.00046038
248,0.131304,-0.000274295,0.000404603,0.127173,-0.000283446,0.00046038
249,0.130919,-0.00027532,0.000408129,0.127173,-0.000283446,0.00046038
250,0.130533,-0.000276339,0.000411652,0.127173,-0.000283446,0.00046038
251,0.130148,-0.000277351,0.000415173,0.127173,-0.000283446,0.00046038
252,0.12998,-0.000277918,0.00041707,0.127173,-0.000283446,0.00046038
253,0.129812,-0.00027848,0.000418965,0.127173,-0.000283446,0.00046038
254,0.129644,-0.000279037,0.000420859,0.127173,-0.000283446,0.00046038
255,0.129476,-0.000279589,0.00042275,0.127173,-0.000283446,0.00046038
256,0.129307,-0.000280137,0.000424639,0.127173,-0.000283446,0.00046038
257,0.129139,-0.000280681,0.000426527,0.127173,-0.000283446,0.00046038
258,0.128971,-0.00028122,0.000428412,0.127173,-0.000283446,0.00046038
259,0.128803,-0.000281755,0.000430296,0.127173,-0.000283446,0.00046038
260,0.128635,-0.000282285,0.000432177,0.127173,-0.000283446,0.00046038
261,0.128467,-0.000282811,0.000434057,0.127173,-0.000283446,0.00046038
262,0.128394,-0.000283089,0.000435025,0.127173,-0.000283446,0.00046038
263,0.128321,-0.000283363,0.000435992,0.127173,-0.000283446,0.00046038
264,0.128247,-0.000283634,0.000436957,0.127173,-0.000283446,0.00046038
265,0.128174,-0.000283902,0.000437922,0.127173,-0.000283446,0.00046038
266,0.128101,-0.000284166,0.000438885,0.127173,-0.000283446,0.00046038
267,0.128028,-0.000284427,0.000439847,0.127173,-0.000283446,0.00046038
268,0.127954,-0.000284685,0.000440808,0.127173,-0.000283446,0.00046038
269,0.127881,-0.00028494,0.000441768,0.127173,-0.000283446,0.00046038
270,0.127808,-0.000285192,0.000442727,0.127173,-0.000283446,0.00046038
271,0.127735,-0.00028544,0.000443685,0.127173,-0.000283446,0.00046038
272,0.127703,-0.000285564,0.000444164,0.127173,-0.000283446,0.00046038
273,0.127671,-0.000285686,0.000444642,0.127173,-0.000283446,0.00046038
274,0.127639,-0.000285805,0.00044512,0.127173,-0.000283446,0.00046038
275,0.127607,-0.000285921,0.000445597,0.127173,-0.000283446,0.00046038
276,0.127575,-0.000286035,0.000446074,0.127173,-0.000283446,0.00046038
277,0.127543,-0.000286146,0.00044655,0.127173,-0.000283446,0.00046038
278,0.127511,-0.000286255,0.000447025,0.127173,-0.000283446,0.00046038
279,0.127479,-0.000286361,0.0004475,0.127173,-0.000283446,0.00046038
280,0.127447,-0.000286465,0.000447974,0.127173,-0.000283446,0.00046038
281,0.127415,-0.000286567,0.000448448,0.127173,-0.000283446,0.00046038
282,0.127401,-0.000286613,0.00044868,0.127173,-0.000283446,0.00046038
283,0.127388,-0.000286657,0.000448911,0.127173,-0.000283446,0.00046038
284,0.127374,-0.000286698,0.000449143,0.127173,-0.000283446,0.00046038
285,0.12736,-0.000286738,0.000449374,0.127173,-0.000283446,0.00046038
286,0.127346,-0.000286776,0.000449605,0.127173,-0.000283446,0.00046038
287,0.127332,-0.000286811,0.000449835,0.127173,-0.000283446,0.00046038
288,0.127318,-0.000286844,0.000450065,0.127173,-0.000283446,0.00046038
289,0.127304,-0.000286876,0.000450295,0.127173,-0.000283446,0.00046038
290,0.12729,-0.000286905,0.000450525,0.127173,-0.000283446,0.00046038
291,0.127276,-0.000286932,0.000450754,0.127173,-0.000283446,0.00046038
292,0.12727,-0.00028694,0.000450864,0.127173,-0.000283446,0.00046038
293,0.127264,-0.000286947,0.000450975,0.127173,-0.000283446,0.00046038
294,0.127258,-0.000286951,0.000451085,0.127173,-0.000283446,0.00046038
295,0.127252,-0.000286953,0.000451195,0.127173,-0.000283446,0.00046038
296,0.127246,-0.000286954,0.000451305,0.127173,-0.000283446,0.00046038
297,0.12724,-0.000286953,0.000451414,0.127173,-0.000283446,0.00046038
298,0.127234,-0.00028695,0.000451524,0.127173,-0.000283446,0.00046038
299,0.127228,-0.000286945,0.000451633,0.127173,-0.000283446,0.00046038
300,0.127222,-0.000286938,0.000451742,0.052501,-0.00017537,0.000323824
301,0.127216,-0.00028693,0.000451851,0.052501,-0.00017537,0.000323824
302,0.123482,-0.000279225,0.000440714,0.052501,-0.00017537,0.000323824
303,0.119749,-0.000271544,0.000429726,0.052501,-0.00017537,0.000323824
304,0.116016,-0.000263886,0.000418887,0.052501,-0.00017537,0.000323824
305,0.112282,-0.00025625,0.000408195,0.052501,-0.00017537,0.000323824
306,0.108549,-0.000248633,0.00039765,0.052501,-0.00017537,0.000323824
307,0.104815,-0.000241035,0.000387252,0.052501,-0.00017537,0.000323824
308,0.101082,-0.000233452,0.000376998,0.052501,-0.00017537,0.000323824
309,0.0973478,-0.000225884,0.000366888,0.052501,-0.00017537,0.000323824
310,0.093614,-0.000218329,0.000356921,0.052501,-0.00017537,0.000323824
311,0.0898802,-0.000210786,0.000347098,0.052501,-0.00017537,0.000323824
312,0.0878256,-0.000207652,0.000343507,0.052501,-0.00017537,0.000323824
313,0.085771,-0.000204517,0.00033996,0.052501,-0.00017537,0.000323824
314,0.0837163,-0.000201379,0.000336456,0.052501,-0.00017537,0.000323824
315,0.0816617,-0.00019824,0.000332997,0.052501,-0.00017537,0.000323824
316,0.079607,-0.000195098,0.00032958,0.052501,-0.00017537,0.000323824
317,0.0775523,-0.000191953,0.000326207,0.052501,-0.00017537,0.000323824
318,0.0754976,-0.000188805,0.000322878,0.052501,-0.00017537,0.000323824
319,0.0734429,-0.000185654,0.000319591,0.052501,-0.00017537,0.000323824
320,0.0713881,-0.000182499,0.000316347,0.052501,-0.00017537,0.000323824
321,0.0693334,-0.00017934,0.000313146,0.052501,-0.00017537,0.000323824
322,0.0683893,-0.000178613,0.000312712,0.052501,-0.00017537,0.000323824
323,0.0674452,-0.000177882,0.000312287,0.052501,-0.00017537,0.000323824
324,0.0665011,-0.000177147,0.00031187,0.052501,-0.00017537,0.000323824
325,0.0655571,-0.000176408,0.000311463,0.052501,-0.00017537,0.000323824
326,0.064613,-0.000175664,0.000311064,0.052501,-0.00017537,0.000323824
327,0.0636689,-0.000174916,0.000310674,0.052501,-0.00017537,0.000323824
328,0.0627248,-0.000174163,0.000310293,0.052501,-0.00017537,0.000323824
329,0.0617807,-0.000173407,0.000309921,0.052501,-0.00017537,0.000323824
330,0.0608366,-0.000172645,0.000309557,0.052501,-0.00017537,0.000323824
331,0.0598925,-0.00017188,0.000309202,0.052501,-0.00017537,0.000323824
332,0.0594757,-0.000171921,0.000309484,0.052501,-0.00017537,0.000323824
333,0.0590589,-0.00017196,0.000309767,0.052501,-0.00017537,0.000323824
334,0.0586421,-0.000171996,0.000310051,0.052501,-0.00017537,0.000323824
335,0.0582253,-0.000172029,0.000310337,0.052501,-0.00017537,0.000323824
336,0.0578085,-0.00017206,0.000310624,0.052501,-0.00017537,0.000323824
337,0.0573917,-0.000172089,0.000310912,0.052501,-0.00017537,0.000323824
338,0.0569749,-0.000172115,0.000311201,0.052501,-0.00017537,0.000323824
339,0.0565581,-0.000172138,0.000311491,0.052501,-0.00017537,0.000323824
340,0.0561413,-0.000172159,0.000311783,0.052501,-0.00017537,0.000323824
341,0.0557245,-0.000172178,0.000312075,0.052501,-0.00017537,0.000323824
342,0.0555423,-0.000172367,0.000312378,0.052501,-0.00017537,0.000323824
343,0.0553602,-0.000172555,0.000312681,0.052501,-0.00017537,0.000323824
344,0.055178,-0.000172742,0.000312983,0.052501,-0.00017537,0.000323824
345,0.0549958,-0.000172928,0.000313285,0.052501,-0.00017537,0.000323824
346,0.0548137,-0.000173112,0.000313586,0.052501,-0.00017537,0.000323824
347,0.0546315,-0.000173296,0.000313887,0.052501,-0.00017537,0.000323824
348,0.0544494,-0.000173478,0.000314188,0.052501,-0.00017537,0.000323824
349,0.0542672,-0.000173659,0.000314488,0.052501,-0.00017537,0.000323824
350,0.054085,-0.000173838,0.000314788,0.052501,-0.00017537,0.000323824
351,0.0539029,-0.000174017,0.000315087,0.052501,-0.00017537,0.000323824
352,0.0538235,-0.000174179,0.000315287,0.052501,-0.00017537,0.000323824
353,0.0537441,-0.000174341,0.000315486,0.052501,-0.00017537,0.000323824
354,0.0536647,-0.000174502,0.000315685,0.052501,-0.00017537,0.000323824
355,0.0535852,-0.000174662,0.000315882,0.052501,-0.00017537,0.000323824
356,0.0535058,-0.000174822,0.000316079,0.052501,-0.00017537,0.000323824
357,0.0534264,-0.000174982,0.000316276,0.052501,-0.00017537,0.000323824
358,0.053347,-0.000175141,0.000316471,0.052501,-0.00017537,0.000323824
359,0.0532676,-0.000175299,0.000316666,0.052501,-0.00017537,0.000323824
360,0.0531882,-0.000175457,0.00031686,0.052501,-0.00017537,0.000323824
361,0.0531088,-0.000175615,0.000317053,0.052501,-0.00017537,0.000323824
362,0.0530742,-0.000175723,0.000317164,0.052501,-0.00017537,0.000323824
363,0.0530396,-0.00017583,0.000317274,0.052501,-0.00017537,0.000323824
364,0.053005,-0.000175937,0.000317383,0.052501,-0.00017537,0.000323824
365,0.0529704,-0.000176045,0.000317491,0.052501,-0.00017537,0.000323824
366,0.0529358,-0.000176152,0.000317599,0.052501,-0.00017537,0.000323824
367,0.0529012,-0.000176259,0.000317706,0.052501,-0.00017537,0.000323824
368,0.0528665,-0.000176365,0.000317812,0.052501,-0.00017537,0.000323824
369,0.0528319,-0.000176472,0.000317917,0.052501,-0.00017537,0.000323824
370,0.0527973,-0.000176578,0.000318021,0.052501,-0.00017537,0.000323824
371,0.0527627,-0.000176684,0.000318124,0.052501,-0.00017537,0.000323824
372,0.0527476,-0.000176749,0.000318178,0.052501,-0.00017537,0.000323824
373,0.0527326,-0.000176814,0.000318231,0.052501,-0.00017537,0.000323824
374,0.0527175,-0.000176878,0.000318283,0.052501,-0.00017537,0.000323824
375,0.0527024,-0.000176943,0.000318334,0.052501,-0.00017537,0.000323824
376,0.0526873,-0.000177008,0.000318384,0.052501,-0.00017537,0.000323824
377,0.0526722,-0.000177072,0.000318434,0.052501,-0.00017537,0.000323824
378,0.0526571,-0.000177137,0.000318482,0.052501,-0.00017537,0.000323824
379,0.052642,-0.000177202,0.00031853,0.052501,-0.00017537,0.000323824
380,0.0526269,-0.000177267,0.000318577,0.052501,-0.00017537,0.000323824
381,0.0526118,-0.000177332,0.000318622,0.052501,-0.00017537,0.000323824
382,0.0526053,-0.000177369,0.000318643,0.052501,-0.00017537,0.000323824
383,0.0525987,-0.000177406,0.000318664,0.052501,-0.00017537,0.000323824
384,0.0525921,-0.000177443,0.000318683,0.052501,-0.00017537,0.000323824
385,0.0525855,-0.000177481,0.000318701,0.052501,-0.00017537,0.000323824
386,0.0525789,-0.000177519,0.000318719,0.052501,-0.00017537,0.000323824
387,0.0525723,-0.000177557,0.000318735,0.052501,-0.00017537,0.000323824
388,0.0525657,-0.000177595,0.00031875,0.052501,-0.00017537,0.000323824
389,0.0525591,-0.000177633,0.000318765,0.052501,-0.00017537,0.000323824
390,0.0525525,-0.000177671,0.000318778,0.052501,-0.00017537,0.000323824
391,0.0525459,-0.00017771,0.000318791,0.052501,-0.00017537,0.000323824
392,0.0525431,-0.000177731,0.000318794,0.052501,-0.00017537,0.000323824
393,0.0525402,-0.000177753,0.000318796,0.052501,-0.00017537,0.000323824
394,0.0525373,-0.000177775,0.000318798,0.052501,-0.00017537,0.000323824
395,0.0525344,-0.000177797,0.000318798,0.052501,-0.00017537,0.000323824
396,0.0525315,-0.00017782,0.000318797,0.052501,-0.00017537,0.000323824
397,0.0525286,-0.000177842,0.000318795,0.052501,-0.00017537,0.000323824
398,0.0525257,-0.000177865,0.000318792,0.052501,-0.00017537,0.000323824
399,0.0525228,-0.000177889,0.000318788,0.052501,-0.00017537,0.000323824
400,0.0525199,-0.000177912,0.000318783,0.021005,-9.82837e-05,0.000166108
401,0.052517,-0.000177936,0.000318777,0.021005,-9.82837e-05,0.000166108
402,0.0509418,-0.000172748,0.000310139,0.021005,-9.82837e-05,0.000166108
403,0.0493666,-0.000167554,0.000301526,0.021005,-9.82837e-05,0.000166108
404,0.0477914,-0.000162354,0.000292941,0.021005,-9.82837e-05,0.000166108
405,0.0462161,-0.000157146,0.000284381,0.021005,-9.82837e-05,0.000166108
406,0.0446409,-0.000151932,0.000275847,0.021005,-9.82837e-05,0.000166108
407,0.0430656,-0.00014671,0.000267339,0.021005,-9.82837e-05,0.000166108
408,0.0414903,-0.00014148,0.000258856,0.021005,-9.82837e-05,0.000166108
409,0.0399151,-0.000136241,0.000250398,0.021005,-9.82837e-05,0.000166108
410,0.0383398,-0.000130995,0.000241966,0.021005,-9.82837e-05,0.000166108
411,0.0367645,-0.000125739,0.000233558,0.021005,-9.82837e-05,0.000166108
412,0.0358978,-0.000123452,0.000229246,0.021005,-9.82837e-05,0.000166108
413,0.0350311,-0.00012116,0.000224941,0.021005,-9.82837e-05,0.000166108
414,0.0341645,-0.000118863,0.000220643,0.021005,-9.82837e-05,0.000166108
415,0.0332978,-0.00011656,0.000216352,0.021005,-9.82837e-05,0.000166108
416,0.0324311,-0.000114252,0.000212068,0.021005,-9.82837e-05,0.000166108
417,0.0315645,-0.000111938,0.000207791,0.021005,-9.82837e-05,0.000166108
418,0.0306978,-0.000109619,0.00020352,0.021005,-9.82837e-05,0.000166108
419,0.0298311,-0.000107294,0.000199257,0.021005,-9.82837e-05,0.000166108
420,0.0289644,-0.000104963,0.000195,0.021005,-9.82837e-05,0.000166108
421,0.0280977,-0.000102626,0.000190749,0.021005,-9.82837e-05,0.000166108
422,0.0276996,-0.000102022,0.000188972,0.021005,-9.82837e-05,0.000166108
423,0.0273014,-0.000101416,0.000187195,0.021005,-9.82837e-05,0.000166108
424,0.0269033,-0.000100807,0.000185418,0.021005,-9.82837e-05,0.000166108
425,0.0265051,-0.000100196,0.000183642,0.021005,-9.82837e-05,0.000166108
426,0.0261069,-9.95816e-05,0.000181865,0.021005,-9.82837e-05,0.000166108
427,0.0257088,-9.89648e-05,0.00018009,0.021005,-9.82837e-05,0.000166108
428,0.0253106,-9.83453e-05,0.000178314,0.021005,-9.82837e-05,0.000166108
429,0.0249125,-9.77231e-05,0.000176538,0.021005,-9.82837e-05,0.000166108
430,0.0245143,-9.70981e-05,0.000174763,0.021005,-9.82837e-05,0.000166108
431,0.0241161,-9.64703e-05,0.000172988,0.021005,-9.82837e-05,0.000166108
432,0.0239403,-9.6451e-05,0.000172273,0.021005,-9.82837e-05,0.000166108
433,0.0237646,-9.64307e-05,0.000171558,0.021005,-9.82837e-05,0.000166108
434,0.0235888,-9.64094e-05,0.000170841,0.021005,-9.82837e-05,0.000166108
435,0.023413,-9.63871e-05,0.000170122,0.021005,-9.82837e-05,0.000166108
436,0.0232372,-9.63638e-05,0.000169402,0.021005,-9.82837e-05,0.000166108
437,0.0230614,-9.63396e-05,0.000168681,0.021005,-9.82837e-05,0.000166108
438,0.0228856,-9.63144e-05,0.000167959,0.021005,-9.82837e-05,0.000166108
439,0.0227098,-9.62882e-05,0.000167234,0.021005,-9.82837e-05,0.000166108
440,0.0225341,-9.62611e-05,0.000166509,0.021005,-9.82837e-05,0.000166108
441,0.0223583,-9.6233e-05,0.000165781,0.021005,-9.82837e-05,0.000166108
442,0.0222814,-9.63474e-05,0.000165486,0.021005,-9.82837e-05,0.000166108
443,0.0222046,-9.64617e-05,0.000165189,0.021005,-9.82837e-05,0.000166108
444,0.0221277,-9.65759e-05,0.000164889,0.021005,-9.82837e-05,0.000166108
445,0.0220509,-9.669e-05,0.000164588,0.021005,-9.82837e-05,0.000166108
446,0.021974,-9.6804e-05,0.000164285,0.021005,-9.82837e-05,0.000166108
447,0.0218972,-9.69179e-05,0.00016398,0.021005,-9.82837e-05,0.000166108
448,0.0218203,-9.70317e-05,0.000163673,0.021005,-9.82837e-05,0.000166108
449,0.0217435,-9.71454e-05,0.000163364,0.021005,-9.82837e-05,0.000166108
450,0.0216666,-9.7259e-05,0.000163053,0.021005,-9.82837e-05,0.000166108
451,0.0215897,-9.73726e-05,0.00016274,0.021005,-9.82837e-05,0.000166108
452,0.0215562,-9.74828e-05,0.000162606,0.021005,-9.82837e-05,0.000166108
453,0.0215227,-9.75934e-05,0.00016247,0.021005,-9.82837e-05,0.000166108
454,0.0214892,-9.77043e-05,0.000162332,0.021005,-9.82837e-05,0.000166108
455,0.0214556,-9.78155e-05,0.000162192,0.021005,-9.82837e-05,0.000166108
456,0.0214221,-9.79271e-05,0.00016205,0.021005,-9.82837e-05,0.000166108
457,0.0213886,-9.8039e-05,0.000161905,0.021005,-9.82837e-05,0.000166108
458,0.021355,-9.81513e-05,0.000161758,0.021005,-9.82837e-05,0.000166108
459,0.0213215,-9.8264e-05,0.000161609,0.021005,-9.82837e-05,0.000166108
460,0.0212879,-9.83771e-05,0.000161458,0.021005,-9.82837e-05,0.000166108
461,0.0212544,-9.84905e-05,0.000161304,0.021005,-9.82837e-05,0.000166108
462,0.0212397,-9.85698e-05,0.000161232,0.021005,-9.82837e-05,0.000166108
463,0.0212251,-9.86496e-05,0.000161157,0.021005,-9.82837e-05,0.000166108
464,0.0212105,-9.87301e-05,0.00016108,0.021005,-9.82837e-05,0.000166108
465,0.0211958,-9.88111e-05,0.000161,0.021005,-9.82837e-05,0.000166108
466,0.0211812,-9.88927e-05,0.000160918,0.021005,-9.82837e-05,0.000166108
467,0.0211665,-9.8975e-05,0.000160833,0.021005,-9.82837e-05,0.000166108
468,0.0211519,-9.90579e-05,0.000160746,0.021005,-9.82837e-05,0.000166108
469,0.0211372,-9.91414e-05,0.000160656,0.021005,-9.82837e-05,0.000166108
470,0.0211225,-9.92256e-05,0.000160564,0.021005,-9.82837e-05,0.000166108
471,0.0211079,-9.93105e-05,0.000160469,0.021005,-9.82837e-05,0.000166108
472,0.0211015,-9.93633e-05,0.000160419,0.021005,-9.82837e-05,0.000166108
473,0.021095,-9.94169e-05,0.000160365,0.021005,-9.82837e-05,0.000166108
474,0.0210886,-9.94713e-05,0.000160309,0.021005,-9.82837e-05,0.000166108
475,0.0210822,-9.95264e-05,0.00016025,0.021005,-9.82837e-05,0.000166108
476,0.0210758,-9.95823e-05,0.000160189,0.021005,-9.82837e-05,0.000166108
477,0.0210694,-9.96391e-05,0.000160124,0.021005,-9.82837e-05,0.000166108
478,0.0210629,-9.96966e-05,0.000160057,0.021005,-9.82837e-05,0.000166108
479,0.0210565,-9.9755e-05,0.000159988,0.021005,-9.82837e-05,0.000166108
480,0.02105,-9.98142e-05,0.000159915,0.021005,-9.82837e-05,0.000166108
481,0.0210436,-9.98743e-05,0.00015984,0.021005,-9.82837e-05,0.000166108
482,0.0210408,-9.99103e-05,0.000159795,0.021005,-9.82837e-05,0.000166108
483,0.0210379,-9.99472e-05,0.000159748,0.021005,-9.82837e-05,0.000166108
484,0.0210351,-9.9985e-05,0.000159697,0.021005,-9.82837e-05,0.000166108
485,0.0210322,-0.000100024,0.000159644,0.021005,-9.82837e-05,0.000166108
486,0.0210294,-0.000100063,0.000159587,0.021005,-9.82837e-05,0.000166108
487,0.0210265,-0.000100104,0.000159528,0.021005,-9.82837e-05,0.000166108
488,0.0210237,-0.000100146,0.000159466,0.021005,-9.82837e-05,0.000166108
489,0.0210208,-0.000100188,0.0001594,0.021005,-9.82837e-05,0.000166108
490,0.0210179,-0.000100232,0.000159332,0.021005,-9.82837e-05,0.000166108
491,0.0210151,-0.000100277,0.000159261,0.021005,-9.82837e-05,0.000166108
492,0.0210138,-0.000100304,0.000159216,0.021005,-9.82837e-05,0.000166108
493,0.0210125,-0.000100331,0.000159168,0.021005,-9.82837e-05,0.000166108
494,0.0210112,-0.00010036,0.000159116,0.021005,-9.82837e-05,0.000166108
495,0.0210099,-0.000100391,0.000159062,0.021005,-9.82837e-05,0.000166108
496,0.0210086,-0.000100422,0.000159005,0.021005,-9.82837e-05,0.000166108
497,0.0210073,-0.000100454,0.000158944,0.021005,-9.82837e-05,0.000166108
498,0.021006,-0.000100487,0.00015888,0.021005,-9.82837e-05,0.000166108
499,0.0210047,-0.000100522,0.000158813,0.021005,-9.82837e-05,0.000166108
500,0.0210034,-0.000100558,0.000158742,0.00827865,-5.45145e-05,6.70525e-05
501,0.0210021,-0.000100595,0.000158668,0.00827865,-5.45145e-05,6.70525e-05
502,0.0203656,-9.75749e-05,0.000153545,0.00827865,-5.45145e-05,6.70525e-05
503,0.019729,-9.45499e-05,0.000148423,0.00827865,-5.45145e-05,6.70525e-05
504,0.0190925,-9.15195e-05,0.000143302,0.00827865,-5.45145e-05,6.70525e-05
505,0.0184559,-8.84838e-05,0.000138181,0.00827865,-5.45145e-05,6.70525e-05
506,0.0178194,-8.54425e-05,0.00013306,0.00827865,-5.45145e-05,6.70525e-05
507,0.0171828,-8.23957e-05,0.00012794,0.00827865,-5.45145e-05,6.70525e-05
508,0.0165463,-7.93433e-05,0.000122819,0.00827865,-5.45145e-05,6.70525e-05
509,0.0159097,-7.62852e-05,0.000117699,0.00827865,-5.45145e-05,6.70525e-05
510,0.0152731,-7.32213e-05,0.000112579,0.00827865,-5.45145e-05,6.70525e-05
511,0.0146365,-7.01516e-05,0.000107459,0.00827865,-5.45145e-05,6.70525e-05
512,0.0142863,-6.88458e-05,0.000104685,0.00827865,-5.45145e-05,6.70525e-05
513,0.013936,-6.75374e-05,0.000101907,0.00827865,-5.45145e-05,6.70525e-05
514,0.0135858,-6.62265e-05,9.91267e-05,0.00827865,-5.45145e-05,6.70525e-05
515,0.0132355,-6.4913e-05,9.63434e-05,0.00827865,-5.45145e-05,6.70525e-05
516,0.0128852,-6.3597e-05,9.3557e-05,0.00827865,-5.45145e-05,6.70525e-05
517,0.012535,-6.22783e-05,9.07676e-05,0.00827865,-5.45145e-05,6.70525e-05
518,0.0121847,-6.0957e-05,8.79751e-05,0.00827865,-5.45145e-05,6.70525e-05
519,0.0118344,-5.96331e-05,8.51794e-05,0.00827865,-5.45145e-05,6.70525e-05
520,0.0114841,-5.83066e-05,8.23805e-05,0.00827865,-5.45145e-05,6.70525e-05
521,0.0111338,-5.69774e-05,7.95782e-05,0.00827865,-5.45145e-05,6.70525e-05
522,0.0109728,-5.66696e-05,7.83017e-05,0.00827865,-5.45145e-05,6.70525e-05
523,0.0108118,-5.63614e-05,7.7021e-05,0.00827865,-5.45145e-05,6.70525e-05
524,0.0106509,-5.60528e-05,7.5736e-05,0.00827865,-5.45145e-05,6.70525e-05
525,0.0104899,-5.57439e-05,7.44467e-05,0.00827865,-5.45145e-05,6.70525e-05
526,0.0103289,-5.54347e-05,7.31531e-05,0.00827865,-5.45145e-05,6.70525e-05
527,0.0101679,-5.51252e-05,7.1855e-05,0.00827865,-5.45145e-05,6.70525e-05
528,0.0100068,-5.48154e-05,7.05525e-05,0.00827865,-5.45145e-05,6.70525e-05
529,0.00984582,-5.45053e-05,6.92454e-05,0.00827865,-5.45145e-05,6.70525e-05
530,0.00968479,-5.41949e-05,6.79338e-05,0.00827865,-5.45145e-05,6.70525e-05
531,0.00952375,-5.38843e-05,6.66176e-05,0.00827865,-5.45145e-05,6.70525e-05
532,0.00945262,-5.39168e-05,6.6027e-05,0.00827865,-5.45145e-05,6.70525e-05
533,0.00938147,-5.39501e-05,6.54316e-05,0.00827865,-5.45145e-05,6.70525e-05
534,0.00931032,-5.39843e-05,6.48314e-05,0.00827865,-5.45145e-05,6.70525e-05
535,0.00923916,-5.40194e-05,6.42262e-05,0.00827865,-5.45145e-05,6.70525e-05
536,0.009168,-5.40555e-05,6.3616e-05,0.00827865,-5.45145e-05,6.70525e-05
537,0.00909683,-5.40926e-05,6.30008e-05,0.00827865,-5.45145e-05,6.70525e-05
538,0.00902564,-5.41306e-05,6.23805e-05,0.00827865,-5.45145e-05,6.70525e-05
539,0.00895446,-5.41697e-05,6.1755e-05,0.00827865,-5.45145e-05,6.70525e-05
540,0.00888326,-5.42099e-05,6.11244e-05,0.00827865,-5.45145e-05,6.70525e-05
541,0.00881205,-5.4251e-05,6.04886e-05,0.00827865,-5.45145e-05,6.70525e-05
542,0.00878089,-5.43564e-05,6.01914e-05,0.00827865,-5.45145e-05,6.70525e-05
543,0.00874972,-5.44634e-05,5.98888e-05,0.00827865,-5.45145e-05,6.70525e-05
544,0.00871854,-5.4572e-05,5.95809e-05,0.00827865,-5.45145e-05,6.70525e-05
545,0.00868735,-5.46823e-05,5.92675e-05,0.00827865,-5.45145e-05,6.70525e-05
546,0.00865616,-5.47943e-05,5.89487e-05,0.00827865,-5.45145e-05,6.70525e-05
547,0.00862495,-5.4908e-05,5.86243e-05,0.00827865,-5.45145e-05,6.70525e-05
548,0.00859374,-5.50234e-05,5.82944e-05,0.00827865,-5.45145e-05,6.70525e-05
549,0.00856251,-5.51407e-05,5.79588e-05,0.00827865,-5.45145e-05,6.70525e-05
550,0.00853128,-5.52597e-05,5.76175e-05,0.00827865,-5.45145e-05,6.70525e-05
551,0.00850004,-5.53806e-05,5.72705e-05,0.00827865,-5.45145e-05,6.70525e-05
552,0.00848638,-5.548e-05,5.70946e-05,0.00827865,-5.45145e-05,6.70525e-05
553,0.00847271,-5.55815e-05,5.69128e-05,0.00827865,-5.45145e-05,6.70525e-05
554,0.00845903,-5.56852e-05,5.67251e-05,0.00827865,-5.45145e-05,6.70525e-05
555,0.00844534,-5.57911e-05,5.65316e-05,0.00827865,-5.45145e-05,6.70525e-05
556,0.00843164,-5.58991e-05,5.6332e-05,0.00827865,-5.45145e-05,6.70525e-05
557,0.00841793,-5.60095e-05,5.61263e-05,0.00827865,-5.45145e-05,6.70525e-05
558,0.00840421,-5.6122e-05,5.59146e-05,0.00827865,-5.45145e-05,6.70525e-05
559,0.00839048,-5.62369e-05,5.56967e-05,0.00827865,-5.45145e-05,6.70525e-05
560,0.00837675,-5.63542e-05,5.54727e-05,0.00827865,-5.45145e-05,6.70525e-05
561,0.008363,-5.64738e-05,5.52423e-05,0.00827865,-5.45145e-05,6.70525e-05
562,0.00835696,-5.65544e-05,5.51135e-05,0.00827865,-5.45145e-05,6.70525e-05
563,0.00835092,-5.66376e-05,5.49784e-05,0.00827865,-5.45145e-05,6.70525e-05
564,0.00834486,-5.67233e-05,5.48368e-05,0.00827865,-5.45145e-05,6.70525e-05
565,0.0083388,-5.68117e-05,5.46887e-05,0.00827865,-5.45145e-05,6.70525e-05
566,0.00833272,-5.69027e-05,5.45341e-05,0.00827865,-5.45145e-05,6.70525e-05
567,0.00832663,-5.69964e-05,5.43729e-05,0.00827865,-5.45145e-05,6.70525e-05
568,0.00832054,-5.70928e-05,5.4205e-05,0.00827865,-5.45145e-05,6.70525e-05
569,0.00831443,-5.71919e-05,5.40304e-05,0.00827865,-5.45145e-05,6.70525e-05
570,0.00830831,-5.72939e-05,5.3849e-05,0.00827865,-5.45145e-05,6.70525e-05
571,0.00830218,-5.73986e-05,5.36607e-05,0.00827865,-5.45145e-05,6.70525e-05
572,0.00829946,-5.74655e-05,5.35471e-05,0.00827865,-5.45145e-05,6.70525e-05
573,0.00829673,-5.75353e-05,5.34264e-05,0.00827865,-5.45145e-05,6.70525e-05
574,0.00829399,-5.76081e-05,5.32987e-05,0.00827865,-5.45145e-05,6.70525e-05
575,0.00829124,-5.76839e-05,5.3164e-05,0.00827865,-5.45145e-05,6.70525e-05
576,0.00828847,-5.77627e-05,5.3022e-05,0.00827865,-5.45145e-05,6.70525e-05
577,0.0082857,-5.78447e-05,5.28729e-05,0.00827865,-5.45145e-05,6.70525e-05
578,0.00828291,-5.79298e-05,5.27165e-05,0.00827865,-5.45145e-05,6.70525e-05
579,0.00828011,-5.80181e-05,5.25527e-05,0.00827865,-5.45145e-05,6.70525e-05
580,0.0082773,-5.81097e-05,5.23816e-05,0.00827865,-5.45145e-05,6.70525e-05
581,0.00827448,-5.82045e-05,5.22029e-05,0.00827865,-5.45145e-05,6.70525e-05
582,0.0082732,-5.82648e-05,5.20902e-05,0.00827865,-5.45145e-05,6.70525e-05
583,0.0082719,-5.83285e-05,5.19699e-05,0.00827865,-5.45145e-05,6.70525e-05
584,0.00827059,-5.83956e-05,5.18418e-05,0.00827865,-5.45145e-05,6.70525e-05
585,0.00826927,-5.84661e-05,5.17061e-05,0.00827865,-5.45145e-05,6.70525e-05
586,0.00826794,-5.85402e-05,5.15625e-05,0.00827865,-5.45145e-05,6.70525e-05
587,0.00826659,-5.86178e-05,5.14111e-05,0.00827865,-5.45145e-05,6.70525e-05
588,0.00826524,-5.8699e-05,5.12517e-05,0.00827865,-5.45145e-05,6.70525e-05
589,0.00826387,-5.87839e-05,5.10843e-05,0.00827865,-5.45145e-05,6.70525e-05
590,0.00826249,-5.88724e-05,5.09087e-05,0.00827865,-5.45145e-05,6.70525e-05
591,0.00826109,-5.89647e-05,5.07251e-05,0.00827865,-5.45145e-05,6.70525e-05
592,0.00826042,-5.90241e-05,5.06068e-05,0.00827865,-5.45145e-05,6.70525e-05
593,0.00825974,-5.90874e-05,5.04802e-05,0.00827865,-5.45145e-05,6.70525e-05
594,0.00825905,-5.91546e-05,5.03453e-05,0.00827865,-5.45145e-05,6.70525e-05
595,0.00825834,-5.92257e-05,5.02019e-05,0.00827865,-5.45145e-05,6.70525e-05
596,0.00825762,-5.93008e-05,5.005e-05,0.00827865,-5.45145e-05,6.70525e-05
597,0.00825689,-5.93799e-05,4.98894e-05,0.00827865,-5.45145e-05,6.70525e-05
598,0.00825614,-5.94631e-05,4.97202e-05,0.00827865,-5.45145e-05,6.70525e-05
599,0.00825538,-5.95505e-05,4.95423e-05,0.00827865,-5.45145e-05,6.70525e-05
600,0.0082546,-5.9642e-05,4.93555e-05,0.00320987,-2.8215e-05,5.32976e-06
601,0.00825382,-5.97377e-05,4.91598e-05,0.00320987,-2.8215e-05,5.32976e-06
602,0.00800019,-5.79787e-05,4.59256e-05,0.00320987,-2.8215e-05,5.32976e-06
603,0.00774655,-5.62205e-05,4.26821e-05,0.00320987,-2.8215e-05,5.32976e-06
604,0.00749289,-5.4463e-05,3.94292e-05,0.00320987,-2.8215e-05,5.32976e-06
605,0.00723923,-5.27065e-05,3.61668e-05,0.00320987,-2.8215e-05,5.32976e-06
606,0.00698554,-5.09508e-05,3.28948e-05,0.00320987,-2.8215e-05,5.32976e-06
607,0.00673185,-4.91961e-05,2.96131e-05,0.00320987,-2.8215e-05,5.32976e-06
608,0.00647813,-4.74424e-05,2.63215e-05,0.00320987,-2.8215e-05,5.32976e-06
609,0.00622441,-4.56897e-05,2.302e-05,0.00320987,-2.8215e-05,5.32976e-06
610,0.00597067,-4.3938e-05,1.97083e-05,0.00320987,-2.8215e-05,5.32976e-06
611,0.00571691,-4.21875e-05,1.63865e-05,0.00320987,-2.8215e-05,5.32976e-06
612,0.00557723,-4.14605e-05,1.45434e-05,0.00320987,-2.8215e-05,5.32976e-06
613,0.00543754,-4.07364e-05,1.26898e-05,0.00320987,-2.8215e-05,5.32976e-06
614,0.00529783,-4.00153e-05,1.08257e-05,0.00320987,-2.8215e-05,5.32976e-06
615,0.0051581,-3.92972e-05,8.95097e-06,0.00320987,-2.8215e-05,5.32976e-06
616,0.00501836,-3.85821e-05,7.06549e-06,0.00320987,-2.8215e-05,5.32976e-06
617,0.00487861,-3.78702e-05,5.16916e-06,0.00320987,-2.8215e-05,5.32976e-06
618,0.00473883,-3.71615e-05,3.26187e-06,0.00320987,-2.8215e-05,5.32976e-06
619,0.00459904,-3.64561e-05,1.34351e-06,0.00320987,-2.8215e-05,5.32976e-06
620,0.00445924,-3.57539e-05,-5.86035e-07,0.00320987,-2.8215e-05,5.32976e-06
621,0.00431941,-3.50552e-05,-2.52687e-06,0.00320987,-2.8215e-05,5.32976e-06
622,0.00425508,-3.49315e-05,-3.46045e-06,0.00320987,-2.8215e-05,5.32976e-06
623,0.00419072,-3.48124e-05,-4.40534e-06,0.00320987,-2.8215e-05,5.32976e-06
624,0.00412635,-3.4698e-05,-5.36165e-06,0.00320987,-2.8215e-05,5.32976e-06
625,0.00406195,-3.45883e-05,-6.32949e-06,0.00320987,-2.8215e-05,5.32976e-06
626,0.00399755,-3.44835e-05,-7.30895e-06,0.00320987,-2.8215e-05,5.32976e-06
627,0.00393312,-3.43835e-05,-8.30014e-06,0.00320987,-2.8215e-05,5.32976e-06
628,0.00386868,-3.42885e-05,-9.30316e-06,0.00320987,-2.8215e-05,5.32976e-06
629,0.00380421,-3.41985e-05,-1.03181e-05,0.00320987,-2.8215e-05,5.32976e-06
630,0.00373973,-3.41136e-05,-1.13452e-05,0.00320987,-2.8215e-05,5.32976e-06
631,0.00367524,-3.40338e-05,-1.23843e-05,0.00320987,-2.8215e-05,5.32976e-06
632,0.00364666,-3.41212e-05,-1.28959e-05,0.00320987,-2.8215e-05,5.32976e-06
633,0.00361806,-3.42145e-05,-1.34196e-05,0.00320987,-2.8215e-05,5.32976e-06
634,0.00358945,-3.43136e-05,-1.39557e-05,0.00320987,-2.8215e-05,5.32976e-06
635,0.00356082,-3.44187e-05,-1.45042e-05,0.00320987,-2.8215e-05,5.32976e-06
636,0.00353216,-3.45299e-05,-1.50652e-05,0.00320987,-2.8215e-05,5.32976e-06
637,0.00350349,-3.46471e-05,-1.56389e-05,0.00320987,-2.8215e-05,5.32976e-06
638,0.0034748,-3.47706e-05,-1.62253e-05,0.00320987,-2.8215e-05,5.32976e-06
639,0.00344609,-3.49003e-05,-1.68246e-05,0.00320987,-2.8215e-05,5.32976e-06
640,0.00341736,-3.50364e-05,-1.74368e-05,0.00320987,-2.8215e-05,5.32976e-06
641,0.0033886,-3.51788e-05,-1.80621e-05,0.00320987,-2.8215e-05,5.32976e-06
642,0.00337594,-3.53187e-05,-1.83951e-05,0.00320987,-2.8215e-05,5.32976e-06
643,0.00336325,-3.54654e-05,-1.87412e-05,0.00320987,-2.8215e-05,5.32976e-06
644,0.00335054,-3.56189e-05,-1.91007e-05,0.00320987,-2.8215e-05,5.32976e-06
645,0.00333781,-3.57794e-05,-1.94736e-05,0.00320987,-2.8215e-05,5.32976e-06
646,0.00332505,-3.5947e-05,-1.986e-05,0.00320987,-2.8215e-05,5.32976e-06
647,0.00331228,-3.61216e-05,-2.02601e-05,0.00320987,-2.8215e-05,5.32976e-06
648,0.00329949,-3.63035e-05,-2.06739e-05,0.00320987,-2.8215e-05,5.32976e-06
649,0.00328667,-3.64926e-05,-2.11016e-05,0.00320987,-2.8215e-05,5.32976e-06
650,0.00327383,-3.66891e-05,-2.15433e-05,0.00320987,-2.8215e-05,5.32976e-06
651,0.00326097,-3.68931e-05,-2.1999e-05,0.00320987,-2.8215e-05,5.32976e-06
652,0.00325526,-3.7039e-05,-2.22632e-05,0.00320987,-2.8215e-05,5.32976e-06
653,0.00324953,-3.71927e-05,-2.25417e-05,0.00320987,-2.8215e-05,5.32976e-06
654,0.00324377,-3.73541e-05,-2.28345e-05,0.00320987,-2.8215e-05,5.32976e-06
655,0.00323799,-3.75234e-05,-2.31419e-05,0.00320987,-2.8215e-05,5.32976e-06
656,0.00323219,-3.77007e-05,-2.34639e-05,0.00320987,-2.8215e-05,5.32976e-06
657,0.00322636,-3.7886e-05,-2.38006e-05,0.00320987,-2.8215e-05,5.32976e-06
658,0.00322051,-3.80794e-05,-2.41521e-05,0.00320987,-2.8215e-05,5.32976e-06
659,0.00321464,-3.8281e-05,-2.45186e-05,0.00320987,-2.8215e-05,5.32976e-06
660,0.00320874,-3.8491e-05,-2.49002e-05,0.00320987,-2.8215e-05,5.32976e-06
661,0.00320282,-3.87093e-05,-2.5297e-05,0.00320987,-2.8215e-05,5.32976e-06
662,0.00320013,-3.88542e-05,-2.55411e-05,0.00320987,-2.8215e-05,5.32976e-06
663,0.00319741,-3.90077e-05,-2.58006e-05,0.00320987,-2.8215e-05,5.32976e-06
664,0.00319467,-3.91698e-05,-2.60756e-05,0.00320987,-2.8215e-05,5.32976e-06
665,0.00319191,-3.93408e-05,-2.63662e-05,0.00320987,-2.8215e-05,5.32976e-06
666,0.00318912,-3.95206e-05,-2.66726e-05,0.00320987,-2.8215e-05,5.32976e-06
667,0.0031863,-3.97094e-05,-2.69949e-05,0.00320987,-2.8215e-05,5.32976e-06
668,0.00318346,-3.99072e-05,-2.73332e-05,0.00320987,-2.8215e-05,5.32976e-06
669,0.00318059,-4.01142e-05,-2.76876e-05,0.00320987,-2.8215e-05,5.32976e-06
670,0.0031777,-4.03304e-05,-2.80583e-05,0.00320987,-2.8215e-05,5.32976e-06
671,0.00317479,-4.05559e-05,-2.84453e-05,0.00320987,-2.8215e-05,5.32976e-06
672,0.00317339,-4.07031e-05,-2.86908e-05,0.00320987,-2.8215e-05,5.32976e-06
673,0.00317197,-4.08597e-05,-2.8953e-05,0.00320987,-2.8215e-05,5.32976e-06
674,0.00317053,-4.10261e-05,-2.92319e-05,0.00320987,-2.8215e-05,5.32976e-06
675,0.00316906,-4.12021e-05,-2.95276e-05,0.00320987,-2.8215e-05,5.32976e-06
676,0.00316756,-4.13879e-05,-2.98402e-05,0.00320987,-2.8215e-05,5.32976e-06
677,0.00316603,-4.15837e-05,-3.01699e-05,0.00320987,-2.8215e-05,5.32976e-06
678,0.00316448,-4.17894e-05,-3.05169e-05,0.00320987,-2.8215e-05,5.32976e-06
679,0.0031629,-4.20053e-05,-3.08811e-05,0.00320987,-2.8215e-05,5.32976e-06
680,0.00316129,-4.22313e-05,-3.12628e-05,0.00320987,-2.8215e-05,5.32976e-06
681,0.00315966,-4.24676e-05,-3.16621e-05,0.00320987,-2.8215e-05,5.32976e-06
682,0.00315881,-4.26218e-05,-3.19189e-05,0.00320987,-2.8215e-05,5.32976e-06
683,0.00315794,-4.27864e-05,-3.21935e-05,0.00320987,-2.8215e-05,5.32976e-06
684,0.00315704,-4.29616e-05,-3.2486e-05,0.00320987,-2.8215e-05,5.32976e-06
685,0.00315611,-4.31475e-05,-3.27966e-05,0.00320987,-2.8215e-05,5.32976e-06
686,0.00315515,-4.33442e-05,-3.31253e-05,0.00320987,-2.8215e-05,5.32976e-06
687,0.00315416,-4.35517e-05,-3.34724e-05,0.00320987,-2.8215e-05,5.32976e-06
688,0.00315315,-4.37703e-05,-3.38379e-05,0.00320987,-2.8215e-05,5.32976e-06
689,0.0031521,-4.39999e-05,-3.42219e-05,0.00320987,-2.8215e-05,5.32976e-06
690,0.00315103,-4.42407e-05,-3.46246e-05,0.00320987,-2.8215e-05,5.32976e-06
691,0.00314992,-4.44928e-05,-3.50461e-05,0.00320987,-2.8215e-05,5.32976e-06
692,0.0031493,-4.46575e-05,-3.53185e-05,0.00320987,-2.8215e-05,5.32976e-06
693,0.00314864,-4.48338e-05,-3.561e-05,0.00320987,-2.8215e-05,5.32976e-06
694,0.00314796,-4.50216e-05,-3.59206e-05,0.00320987,-2.8215e-05,5.32976e-06
695,0.00314724,-4.52212e-05,-3.62506e-05,0.00320987,-2.8215e-05,5.32976e-06
696,0.0031465,-4.54325e-05,-3.65999e-05,0.00320987,-2.8215e-05,5.32976e-06
697,0.00314572,-4.56557e-05,-3.69688e-05,0.00320987,-2.8215e-05,5.32976e-06
698,0.00314491,-4.58909e-05,-3.73573e-05,0.00320987,-2.8215e-05,5.32976e-06
699,0.00314407,-4.61382e-05,-3.77656e-05,0.00320987,-2.8215e-05,5.32976e-06
700,0.00314319,-4.63977e-05,-3.81938e-05,0.00115725,-1.02688e-05,-5.84678e-05
701,0.00314229,-4.66696e-05,-3.86421e-05,0.00115725,-1.02688e-05,-5.84678e-05
702,0.00303924,-4.56681e-05,-4.21338e-05,0.00115725,-1.02688e-05,-5.84678e-05
703,0.00293615,-4.46778e-05,-4.56468e-05,0.00115725,-1.02688e-05,-5.84678e-05
704,0.00283304,-4.36987e-05,-4.91815e-05,0.00115725,-1.02688e-05,-5.84678e-05
705,0.00272989,-4.27309e-05,-5.27378e-05,0.00115725,-1.02688e-05,-5.84678e-05
706,0.0026267,-4.17746e-05,-5.6316e-05,0.00115725,-1.02688e-05,-5.84678e-05
707,0.00252349,-4.08298e-05,-5.99162e-05,0.00115725,-1.02688e-05,-5.84678e-05
708,0.00242023,-3.98967e-05,-6.35386e-05,0.00115725,-1.02688e-05,-5.84678e-05
709,0.00231694,-3.89753e-05,-6.71832e-05,0.00115725,-1.02688e-05,-5.84678e-05
710,0.00221362,-3.80658e-05,-7.08503e-05,0.00115725,-1.02688e-05,-5.84678e-05
711,0.00211026,-3.71683e-05,-7.45401e-05,0.00115725,-1.02688e-05,-5.84678e-05
712,0.00205329,-3.6831e-05,-7.6614e-05,0.00115725,-1.02688e-05,-5.84678e-05
713,0.00199628,-3.65065e-05,-7.87103e-05,0.00115725,-1.02688e-05,-5.84678e-05
714,0.00193924,-3.61951e-05,-8.08292e-05,0.00115725,-1.02688e-05,-5.84678e-05
715,0.00188216,-3.58966e-05,-8.29706e-05,0.00115725,-1.02688e-05,-5.84678e-05
716,0.00182504,-3.56114e-05,-8.51348e-05,0.00115725,-1.02688e-05,-5.84678e-05
717,0.00176788,-3.53395e-05,-8.73219e-05,0.00115725,-1.02688e-05,-5.84678e-05
718,0.00171069,-3.5081e-05,-8.9532e-05,0.00115725,-1.02688e-05,-5.84678e-05
719,0.00165347,-3.48361e-05,-9.17653e-05,0.00115725,-1.02688e-05,-5.84678e-05
720,0.0015962,-3.46048e-05,-9.40218e-05,0.00115725,-1.02688e-05,-5.84678e-05
721,0.0015389,-3.43872e-05,-9.63018e-05,0.00115725,-1.02688e-05,-5.84678e-05
722,0.00151239,-3.44459e-05,-9.74421e-05,0.00115725,-1.02688e-05,-5.84678e-05
723,0.00148585,-3.45191e-05,-9.86057e-05,0.00115725,-1.02688e-05,-5.84678e-05
724,0.00145926,-3.46067e-05,-9.97926e-05,0.00115725,-1.02688e-05,-5.84678e-05
725,0.00143264,-3.4709e-05,-0.000101003,0.00115725,-1.02688e-05,-5.84678e-05
726,0.00140598,-3.4826e-05,-0.000102237,0.00115725,-1.02688e-05,-5.84678e-05
727,0.00137928,-3.49578e-05,-0.000103495,0.00115725,-1.02688e-05,-5.84678e-05
728,0.00135254,-3.51046e-05,-0.000104776,0.00115725,-1.02688e-05,-5.84678e-05
729,0.00132577,-3.52664e-05,-0.000106082,0.00115725,-1.02688e-05,-5.84678e-05
730,0.00129895,-3.54435e-05,-0.000107411,0.00115725,-1.02688e-05,-5.84678e-05
731,0.00127209,-3.56357e-05,-0.000108765,0.00115725,-1.02688e-05,-5.84678e-05
732,0.00126004,-3.58457e-05,-0.00010947,0.00115725,-1.02688e-05,-5.84678e-05
733,0.00124795,-3.60713e-05,-0.0001102,0.00115725,-1.02688e-05,-5.84678e-05
734,0.00123582,-3.63127e-05,-0.000110954,0.00115725,-1.02688e-05,-5.84678e-05
735,0.00122364,-3.65701e-05,-0.000111733,0.00115725,-1.02688e-05,-5.84678e-05
736,0.00121143,-3.68435e-05,-0.000112535,0.00115725,-1.02688e-05,-5.84678e-05
737,0.00119918,-3.71329e-05,-0.000113363,0.00115725,-1.02688e-05,-5.84678e-05
738,0.00118688,-3.74387e-05,-0.000114215,0.00115725,-1.02688e-05,-5.84678e-05
739,0.00117455,-3.77608e-05,-0.000115091,0.00115725,-1.02688e-05,-5.84678e-05
740,0.00116217,-3.80993e-05,-0.000115993,0.00115725,-1.02688e-05,-5.84678e-05
741,0.00114975,-3.84544e-05,-0.000116919,0.00115725,-1.02688e-05,-5.84678e-05
742,0.00114412,-3.87144e-05,-0.00011744,0.00115725,-1.02688e-05,-5.84678e-05
743,0.00113845,-3.89914e-05,-0.000117986,0.00115725,-1.02688e-05,-5.84678e-05
744,0.00113273,-3.92853e-05,-0.000118557,0.00115725,-1.02688e-05,-5.84678e-05
745,0.00112697,-3.95962e-05,-0.000119153,0.00115725,-1.02688e-05,-5.84678e-05
746,0.00112117,-3.99244e-05,-0.000119774,0.00115725,-1.02688e-05,-5.84678e-05
747,0.00111533,-4.02698e-05,-0.00012042,0.00115725,-1.02688e-05,-5.84678e-05
748,0.00110944,-4.06327e-05,-0.000121092,0.00115725,-1.02688e-05,-5.84678e-05
749,0.00110352,-4.1013e-05,-0.000121789,0.00115725,-1.02688e-05,-5.84678e-05
750,0.00109754,-4.1411e-05,-0.000122511,0.00115725,-1.02688e-05,-5.84678e-05
751,0.00109153,-4.18267e-05,-0.000123259,0.00115725,-1.02688e-05,-5.84678e-05
752,0.0010887,-4.21051e-05,-0.000123706,0.00115725,-1.02688e-05,-5.84678e-05
753,0.00108582,-4.24016e-05,-0.000124179,0.00115725,-1.02688e-05,-5.84678e-05
754,0.0010829,-4.27161e-05,-0.000124677,0.00115725,-1.02688e-05,-5.84678e-05
755,0.00107993,-4.30487e-05,-0.000125201,0.00115725,-1.02688e-05,-5.84678e-05
756,0.00107692,-4.33997e-05,-0.000125751,0.00115725,-1.02688e-05,-5.84678e-05
757,0.00107387,-4.3769e-05,-0.000126327,0.00115725,-1.02688e-05,-5.84678e-05
758,0.00107077,-4.41569e-05,-0.000126928,0.00115725,-1.02688e-05,-5.84678e-05
759,0.00106763,-4.45633e-05,-0.000127556,0.00115725,-1.02688e-05,-5.84678e-05
760,0.00106444,-4.49884e-05,-0.000128209,0.00115725,-1.02688e-05,-5.84678e-05
761,0.0010612,-4.54323e-05,-0.000128889,0.00115725,-1.02688e-05,-5.84678e-05
762,0.00105958,-4.57222e-05,-0.000129309,0.00115725,-1.02688e-05,-5.84678e-05
763,0.00105791,-4.6031e-05,-0.000129755,0.00115725,-1.02688e-05,-5.84678e-05
764,0.00105619,-4.63591e-05,-0.000130227,0.00115725,-1.02688e-05,-5.84678e-05
765,0.00105442,-4.67063e-05,-0.000130726,0.00115725,-1.02688e-05,-5.84678e-05
766,0.00105262,-4.70729e-05,-0.00013125,0.00115725,-1.02688e-05,-5.84678e-05
767,0.00105076,-4.74589e-05,-0.000131801,0.00115725,-1.02688e-05,-5.84678e-05
768,0.00104886,-4.78644e-05,-0.000132378,0.00115725,-1.02688e-05,-5.84678e-05
769,0.00104691,-4.82896e-05,-0.000132981,0.00115725,-1.02688e-05,-5.84678e-05
770,0.00104491,-4.87345e-05,-0.00013361,0.00115725,-1.02688e-05,-5.84678e-05
771,0.00104287,-4.91992e-05,-0.000134265,0.00115725,-1.02688e-05,-5.84678e-05
772,0.00104176,-4.95006e-05,-0.000134676,0.00115725,-1.02688e-05,-5.84678e-05
773,0.00104059,-4.98219e-05,-0.000135114,0.00115725,-1.02688e-05,-5.84678e-05
774,0.00103939,-5.01634e-05,-0.000135577,0.00115725,-1.02688e-05,-5.84678e-05
775,0.00103813,-5.05252e-05,-0.000136067,0.00115725,-1.02688e-05,-5.84678e-05
776,0.00103683,-5.09073e-05,-0.000136583,0.00115725,-1.02688e-05,-5.84678e-05
777,0.00103548,-5.13099e-05,-0.000137125,0.00115725,-1.02688e-05,-5.84678e-05
778,0.00103408,-5.1733e-05,-0.000137693,0.00115725,-1.02688e-05,-5.84678e-05
779,0.00103263,-5.21768e-05,-0.000138287,0.00115725,-1.02688e-05,-5.84678e-05
780,0.00103114,-5.26413e-05,-0.000138908,0.00115725,-1.02688e-05,-5.84678e-05
781,0.0010296,-5.31267e-05,-0.000139554,0.00115725,-1.02688e-05,-5.84678e-05
782,0.0010287,-5.34408e-05,-0.000139961,0.00115725,-1.02688e-05,-5.84678e-05
783,0.00102775,-5.3776e-05,-0.000140395,0.00115725,-1.02688e-05,-5.84678e-05
784,0.00102675,-5.41323e-05,-0.000140854,0.00115725,-1.02688e-05,-5.84678e-05
785,0.00102571,-5.45099e-05,-0.000141339,0.00115725,-1.02688e-05,-5.84678e-05
786,0.00102461,-5.49088e-05,-0.000141849,0.00115725,-1.02688e-05,-5.84678e-05
787,0.00102347,-5.53292e-05,-0.000142386,0.00115725,-1.02688e-05,-5.84678e-05
788,0.00102228,-5.57712e-05,-0.000142948,0.00115725,-1.02688e-05,-5.84678e-05
789,0.00102104,-5.62348e-05,-0.000143535,0.00115725,-1.02688e-05,-5.84678e-05
790,0.00101976,-5.67201e-05,-0.000144149,0.00115725,-1.02688e-05,-5.84678e-05
791,0.00101842,-5.72273e-05,-0.000144787,0.00115725,-1.02688e-05,-5.84678e-05
792,0.00101761,-5.75554e-05,-0.000145189,0.00115725,-1.02688e-05,-5.84678e-05
793,0.00101674,-5.79055e-05,-0.000145616,0.00115725,-1.02688e-05,-5.84678e-05
794,0.00101583,-5.82778e-05,-0.000146069,0.00115725,-1.02688e-05,-5.84678e-05
795,0.00101487,-5.86724e-05,-0.000146546,0.00115725,-1.02688e-05,-5.84678e-05
796,0.00101386,-5.90893e-05,-0.000147049,0.00115725,-1.02688e-05,-5.84678e-05
797,0.0010128,-5.95287e-05,-0.000147576,0.00115725,-1.02688e-05,-5.84678e-05
798,0.00101169,-5.99907e-05,-0.000148128,0.00115725,-1.02688e-05,-5.84678e-05
799,0.00101054,-6.04753e-05,-0.000148705,0.00115725,-1.02688e-05,-5.84678e-05
800,0.00100934,-6.09827e-05,-0.000149306,0.000205084,8.00771e-06,-0.000176837
801,0.00100808,-6.1513e-05,-0.000149931,0.000205084,8.00771e-06,-0.000176837
802,0.000959759,-6.0766e-05,-0.000156259,0.000205084,8.00771e-06,-0.000176837
803,0.000911385,-6.00416e-05,-0.000162613,0.000205084,8.00771e-06,-0.000176837
804,0.000862962,-5.93399e-05,-0.000168992,0.000205084,8.00771e-06,-0.000176837
805,0.000814488,-5.86609e-05,-0.000175397,0.000205084,8.00771e-06,-0.000176837
806,0.000765965,-5.80049e-05,-0.000181826,0.000205084,8.00771e-06,-0.000176837
807,0.000717392,-5.73717e-05,-0.000188281,0.000205084,8.00771e-06,-0.000176837
808,0.000668769,-5.67617e-05,-0.000194761,0.000205084,8.00771e-06,-0.000176837
809,0.000620097,-5.61749e-05,-0.000201265,0.000205084,8.00771e-06,-0.000176837
810,0.000571375,-5.56114e-05,-0.000207794,0.000205084,8.00771e-06,-0.000176837
811,0.000522604,-5.50713e-05,-0.000214348,0.000205084,8.00771e-06,-0.000176837
812,0.000495652,-5.49065e-05,-0.000217992,0.000205084,8.00771e-06,-0.000176837
813,0.000468652,-5.47655e-05,-0.000221659,0.000205084,8.00771e-06,-0.000176837
814,0.000441603,-5.46487e-05,-0.00022535,0.000205084,8.00771e-06,-0.000176837
815,0.000414506,-5.45559e-05,-0.000229064,0.000205084,8.00771e-06,-0.000176837
816,0.00038736,-5.44875e-05,-0.0002328,0.000205084,8.00771e-06,-0.000176837
817,0.000360165,-5.44434e-05,-0.000236559,0.000205084,8.00771e-06,-0.000176837
818,0.000332923,-5.44238e-05,-0.000240341,0.000205084,8.00771e-06,-0.000176837
819,0.000305632,-5.44289e-05,-0.000244145,0.000205084,8.00771e-06,-0.000176837
820,0.000278293,-5.44587e-05,-0.000247971,0.000205084,8.00771e-06,-0.000176837
821,0.000250907,-5.45134e-05,-0.000251819,0.000205084,8.00771e-06,-0.000176837
822,0.000238109,-5.47075e-05,-0.000253671,0.000205084,8.00771e-06,-0.000176837
823,0.000225263,-5.49268e-05,-0.000255545,0.000205084,8.00771e-06,-0.000176837
824,0.000212371,-5.51717e-05,-0.000257439,0.000205084,8.00771e-06,-0.000176837
825,0.000199432,-5.54421e-05,-0.000259353,0.000205084,8.00771e-06,-0.000176837
826,0.000186447,-5.57382e-05,-0.000261287,0.000205084,8.00771e-06,-0.000176837
827,0.000173415,-5.60602e-05,-0.000263242,0.000205084,8.00771e-06,-0.000176837
828,0.000160337,-5.64081e-05,-0.000265215,0.000205084,8.00771e-06,-0.000176837
829,0.000147213,-5.67823e-05,-0.000267208,0.000205084,8.00771e-06,-0.000176837
830,0.000134043,-5.71827e-05,-0.00026922,0.000205084,8.00771e-06,-0.000176837
831,0.000120828,-5.76095e-05,-0.000271251,0.000205084,8.00771e-06,-0.000176837
832,0.000114771,-5.79554e-05,-0.000272233,0.000205084,8.00771e-06,-0.000176837
833,0.00010867,-5.83282e-05,-0.000273233,0.000205084,8.00771e-06,-0.000176837
834,0.000102525,-5.87279e-05,-0.00027425,0.000205084,8.00771e-06,-0.000176837
835,9.63348e-05,-5.91547e-05,-0.000275284,0.000205084,8.00771e-06,-0.000176837
836,9.01007e-05,-5.96089e-05,-0.000276335,0.000205084,8.00771e-06,-0.000176837
837,8.38227e-05,-6.00905e-05,-0.000277403,0.000205084,8.00771e-06,-0.000176837
838,7.7501e-05,-6.05997e-05,-0.000278487,0.000205084,8.00771e-06,-0.000176837
839,7.11361e-05,-6.11367e-05,-0.000279587,0.000205084,8.00771e-06,-0.000176837
840,6.4728e-05,-6.17017e-05,-0.000280702,0.000205084,8.00771e-06,-0.000176837
841,5.82772e-05,-6.22948e-05,-0.000281833,0.000205084,8.00771e-06,-0.000176837
842,5.52466e-05,-6.27047e-05,-0.000282402,0.000205084,8.00771e-06,-0.000176837
843,5.2174e-05,-6.31432e-05,-0.000282985,0.000205084,8.00771e-06,-0.000176837
844,4.90596e-05,-6.36104e-05,-0.000283582,0.000205084,8.00771e-06,-0.000176837
845,4.59038e-05,-6.41065e-05,-0.000284192,0.000205084,8.00771e-06,-0.000176837
846,4.27069e-05,-6.46318e-05,-0.000284816,0.000205084,8.00771e-06,-0.000176837
847,3.94692e-05,-6.51863e-05,-0.000285452,0.000205084,8.00771e-06,-0.000176837
848,3.6191e-05,-6.57704e-05,-0.000286102,0.000205084,8.00771e-06,-0.000176837
849,3.28728e-05,-6.63842e-05,-0.000286763,0.000205084,8.00771e-06,-0.000176837
850,2.95147e-05,-6.70279e-05,-0.000287436,0.000205084,8.00771e-06,-0.000176837
851,2.61173e-05,-6.77018e-05,-0.00028812,0.000205084,8.00771e-06,-0.000176837
852,2.44405e-05,-6.81476e-05,-0.000288476,0.000205084,8.00771e-06,-0.000176837
853,2.27251e-05,-6.86241e-05,-0.000288843,0.000205084,8.00771e-06,-0.000176837
854,2.09714e-05,-6.91313e-05,-0.00028922,0.000205084,8.00771e-06,-0.000176837
855,1.91799e-05,-6.96697e-05,-0.000289606,0.000205084,8.00771e-06,-0.000176837
856,1.73509e-05,-7.02394e-05,-0.000290002,0.000205084,8.00771e-06,-0.000176837
857,1.54847e-05,-7.08407e-05,-0.000290406,0.000205084,8.00771e-06,-0.000176837
858,1.35819e-05,-7.14738e-05,-0.000290818,0.000205084,8.00771e-06,-0.000176837
859,1.16427e-05,-7.21389e-05,-0.000291238,0.000205084,8.00771e-06,-0.000176837
860,9.66754e-06,-7.28364e-05,-0.000291665,0.000205084,8.00771e-06,-0.000176837
861,7.65689e-06,-7.35666e-05,-0.000292099,0.000205084,8.00771e-06,-0.000176837
862,6.6035e-06,-7.40439e-05,-0.000292327,0.000205084,8.00771e-06,-0.000176837
863,5.51546e-06,-7.45545e-05,-0.000292561,0.000205084,8.00771e-06,-0.000176837
864,4.39319e-06,-7.50985e-05,-0.0002928,0.000205084,8.00771e-06,-0.000176837
865,3.23713e-06,-7.56763e-05,-0.000293044,0.000205084,8.00771e-06,-0.000176837
866,2.04769e-06,-7.62881e-05,-0.000293292,0.000205084,8.00771e-06,-0.000176837
867,8.25316e-07,-7.69343e-05,-0.000293545,0.000205084,8.00771e-06,-0.000176837
868,-4.2956e-07,-7.76151e-05,-0.000293801,0.000205084,8.00771e-06,-0.000176837
869,-1.7165e-06,-7.8331e-05,-0.00029406,0.000205084,8.00771e-06,-0.000176837
870,-3.03505e-06,-7.90821e-05,-0.000294321,0.000205084,8.00771e-06,-0.000176837
871,-4.38477e-06,-7.98688e-05,-0.000294584,0.000205084,8.00771e-06,-0.000176837
872,-5.12959e-06,-8.03826e-05,-0.000294715,0.000205084,8.00771e-06,-0.000176837
873,-5.90464e-06,-8.09327e-05,-0.000294847,0.000205084,8.00771e-06,-0.000176837
874,-6.70946e-06,-8.15195e-05,-0.00029498,0.000205084,8.00771e-06,-0.000176837
875,-7.54359e-06,-8.21433e-05,-0.000295112,0.000205084,8.00771e-06,-0.000176837
876,-8.40655e-06,-8.28046e-05,-0.000295243,0.000205084,8.00771e-06,-0.000176837
877,-9.2979e-06,-8.35036e-05,-0.000295374,0.000205084,8.00771e-06,-0.000176837
878,-1.02172e-05,-8.42407e-05,-0.000295503,0.000205084,8.00771e-06,-0.000176837
879,-1.11638e-05,-8.50165e-05,-0.000295629,0.000205084,8.00771e-06,-0.000176837
880,-1.21375e-05,-8.58311e-05,-0.000295753,0.000205084,8.00771e-06,-0.000176837
881,-1.31377e-05,-8.66851e-05,-0.000295873,0.000205084,8.00771e-06,-0.000176837
882,-1.37079e-05,-8.72441e-05,-0.000295917,0.000205084,8.00771e-06,-0.000176837
883,-1.43037e-05,-8.78432e-05,-0.000295957,0.000205084,8.00771e-06,-0.000176837
884,-1.49245e-05,-8.84829e-05,-0.000295991,0.000205084,8.00771e-06,-0.000176837
885,-1.55699e-05,-8.91638e-05,-0.000296021,0.000205084,8.00771e-06,-0.000176837
886,-1.62393e-05,-8.98861e-05,-0.000296044,0.000205084,8.00771e-06,-0.000176837
887,-1.69323e-05,-9.06505e-05,-0.00029606,0.000205084,8.00771e-06,-0.000176837
888,-1.76485e-05,-9.14573e-05,-0.000296069,0.000205084,8.00771e-06,-0.000176837
889,-1.83872e-05,-9.2307e-05,-0.000296071,0.000205084,8.00771e-06,-0.000176837
890,-1.91482e-05,-9.32002e-05,-0.000296064,0.000205084,8.00771e-06,-0.000176837
891,-1.99308e-05,-9.41372e-05,-0.000296048,0.000205084,8.00771e-06,-0.000176837
892,-2.0383e-05,-9.47523e-05,-0.000296006,0.000205084,8.00771e-06,-0.000176837
893,-2.08559e-05,-9.54124e-05,-0.000295954,0.000205084,8.00771e-06,-0.000176837
894,-2.13491e-05,-9.61179e-05,-0.000295891,0.000205084,8.00771e-06,-0.000176837
895,-2.18619e-05,-9.68694e-05,-0.000295817,0.000205084,8.00771e-06,-0.000176837
896,-2.23941e-05,-9.76675e-05,-0.000295731,0.000205084,8.00771e-06,-0.000176837
897,-2.2945e-05,-9.85127e-05,-0.000295633,0.000205084,8.00771e-06,-0.000176837
898,-2.35143e-05,-9.94056e-05,-0.000295521,0.000205084,8.00771e-06,-0.000176837
899,-2.41014e-05,-0.000100347,-0.000295397,0.000205084,8.00771e-06,-0.000176837
